time,strike,mid_price,spread
16:38:35,23550,299.5,5.0
16:38:35,23600,297.0,4.0
16:38:35,23650,301.5,3.0
16:39:49,23550,299.5,3.0
16:39:49,23600,297.5,5.0
16:39:49,23650,301.0,4.0
16:46:28,23500,307.5,3.0
16:46:28,23550,298.5,5.0
16:46:28,23600,298.5,3.0
16:50:20,23550,299.0,4.0
16:50:20,23600,297.0,4.0
16:50:20,23650,301.0,4.0
16:54:37,23550,297.5,5.0
16:54:37,23600,293.0,4.0
16:54:37,23650,294.0,4.0
16:55:06,23550,296.5,3.0
16:55:06,23600,293.0,4.0
16:55:06,23650,294.0,2.0
16:55:34,23550,297.5,3.0
16:55:34,23600,291.5,3.0
16:55:34,23650,293.5,5.0
17:09:15,23550,296.0,4.0
17:09:15,23600,292.0,4.0
17:09:15,23650,296.0,4.0
17:09:43,23550,295.0,4.0
17:09:43,23600,292.5,5.0
17:09:43,23650,295.0,4.0
17:10:16,23550,295.0,4.0
17:10:16,23600,292.0,4.0
17:10:16,23650,295.5,5.0
17:11:33,23550,296.0,4.0
17:11:33,23600,293.0,4.0
17:11:33,23650,295.5,3.0
17:12:02,23550,295.0,4.0
17:12:02,23600,291.5,5.0
17:12:02,23650,294.5,3.0
17:12:32,23550,294.5,5.0
17:12:32,23600,291.0,4.0
17:12:32,23650,294.5,5.0
17:13:01,23550,295.0,4.0
17:13:01,23600,291.0,4.0
17:13:01,23650,295.5,3.0
17:13:36,23550,295.5,3.0
17:13:36,23600,292.0,4.0
17:13:36,23650,294.0,4.0
17:14:00,23550,294.5,3.0
17:14:00,23600,291.5,5.0
17:14:00,23650,295.0,4.0
17:18:11,23500,300.0,4.0
17:18:11,23550,292.5,3.0
17:18:11,23600,292.0,4.0
17:18:35,23500,301.0,4.0
17:18:35,23550,291.0,4.0
17:18:35,23600,290.5,3.0
17:19:02,23500,298.5,3.0
17:19:02,23550,290.5,3.0
17:19:02,23600,289.5,3.0
17:19:30,23500,299.0,4.0
17:19:30,23550,290.5,3.0
17:19:30,23600,289.5,3.0
17:20:01,23500,299.0,4.0
17:20:01,23550,291.0,4.0
17:20:01,23600,289.5,3.0
17:20:24,23500,298.5,3.0
17:20:24,23550,290.0,4.0
17:20:24,23600,289.5,3.0
17:21:03,23500,298.5,3.0
17:21:03,23550,290.0,4.0
17:21:03,23600,289.5,3.0
17:21:32,23500,298.0,4.0
17:21:32,23550,290.0,4.0
17:21:32,23600,290.0,4.0
17:21:53,23500,296.5,3.0
17:21:53,23550,288.5,3.0
17:21:53,23600,287.5,3.0
17:22:30,23500,297.5,3.0
17:22:30,23550,287.5,3.0
17:22:30,23600,287.5,3.0
17:23:02,23500,296.5,3.0
17:23:02,23550,288.0,4.0
17:23:02,23600,287.5,3.0
17:23:33,23500,296.0,4.0
17:23:33,23550,288.0,4.0
17:23:33,23600,289.5,5.0
17:24:04,23500,295.0,2.0
17:24:04,23550,289.0,4.0
17:24:04,23600,289.5,3.0
17:24:36,23500,295.0,4.0
17:24:36,23550,288.0,4.0
17:24:36,23600,288.5,3.0
17:25:30,23500,293.5,3.0
17:25:30,23550,286.5,3.0
17:25:30,23600,287.0,4.0
17:26:07,23500,293.0,4.0
17:26:07,23550,286.0,4.0
17:26:07,23600,287.0,4.0
17:26:37,23500,294.0,4.0
17:26:37,23550,286.5,5.0
17:26:37,23600,288.0,2.0
17:26:57,23500,294.5,3.0
17:26:57,23550,288.5,3.0
17:26:57,23600,288.0,2.0
17:27:35,23500,294.5,3.0
17:27:35,23550,287.0,4.0
17:27:35,23600,288.5,5.0
17:28:08,23500,294.0,4.0
17:28:08,23550,286.5,3.0
17:28:08,23600,288.0,4.0
17:28:39,23500,292.5,3.0
17:28:39,23550,289.0,4.0
17:28:39,23600,293.0,4.0
17:29:09,23450,301.0,4.0
17:29:09,23500,293.5,3.0
17:29:09,23550,290.5,5.0
17:29:39,23500,295.5,3.0
17:29:39,23550,290.5,5.0
17:29:39,23600,293.5,3.0
17:30:08,23500,296.0,4.0
17:30:08,23550,292.0,4.0
17:30:08,23600,296.5,3.0
17:30:39,23450,304.0,4.0
17:30:39,23500,297.5,5.0
17:30:39,23550,296.0,4.0
17:31:09,23450,302.0,4.0
17:31:09,23500,296.5,3.0
17:31:09,23550,295.0,2.0
17:31:38,23450,303.0,4.0
17:31:38,23500,297.0,4.0
17:31:38,23550,297.0,4.0
17:32:09,23450,302.0,4.0
17:32:09,23500,298.0,2.0
17:32:09,23550,299.0,4.0
17:32:40,23450,302.5,3.0
17:32:40,23500,297.5,3.0
17:32:40,23550,299.0,2.0
17:33:09,23450,304.0,4.0
17:33:09,23500,299.5,3.0
17:33:09,23550,300.0,4.0
17:33:40,23450,304.0,4.0
17:33:40,23500,298.0,4.0
17:33:40,23550,298.0,4.0
17:34:10,23450,304.0,4.0
17:34:10,23500,300.0,4.0
17:34:10,23550,300.0,4.0
17:34:39,23450,304.5,3.0
17:34:39,23500,299.5,3.0
17:34:39,23550,300.0,4.0
17:35:11,23400,314.0,4.0
17:35:11,23450,305.5,5.0
17:35:11,23500,303.0,4.0
17:35:41,23400,316.0,4.0
17:35:41,23450,306.0,4.0
17:35:41,23500,304.5,3.0
17:36:10,23450,306.0,4.0
17:36:10,23500,303.0,4.0
17:36:10,23550,304.0,4.0
17:36:41,23450,307.0,4.0
17:36:41,23500,302.0,4.0
17:36:41,23550,302.0,4.0
17:37:07,23450,307.0,4.0
17:37:07,23500,302.0,4.0
17:37:07,23550,302.0,4.0
17:37:41,23450,307.0,4.0
17:37:41,23500,301.5,3.0
17:37:41,23550,301.5,5.0
17:38:10,23450,307.0,4.0
17:38:10,23500,302.0,2.0
17:38:10,23550,302.5,5.0
17:38:42,23450,308.0,4.0
17:38:42,23500,302.0,4.0
17:38:42,23550,302.5,3.0
17:39:10,23450,308.0,4.0
17:39:10,23500,303.0,2.0
17:39:10,23550,302.0,4.0
17:39:41,23450,308.0,4.0
17:39:41,23500,303.0,2.0
17:39:41,23550,302.5,3.0
17:40:08,23450,308.0,4.0
17:40:08,23500,302.0,4.0
17:40:08,23550,301.5,5.0
17:40:41,23450,309.0,4.0
17:40:41,23500,302.5,3.0
17:40:41,23550,301.5,5.0
17:41:11,23450,307.0,4.0
17:41:11,23500,300.5,3.0
17:41:11,23550,300.5,3.0
17:41:39,23450,307.0,2.0
17:41:39,23500,302.0,4.0
17:41:39,23550,302.0,4.0
17:42:11,23450,307.0,4.0
17:42:11,23500,301.5,3.0
17:42:11,23550,302.5,3.0
17:42:42,23450,308.0,4.0
17:42:42,23500,302.0,4.0
17:42:42,23550,301.5,5.0
17:43:13,23450,308.0,4.0
17:43:13,23500,302.5,3.0
17:43:13,23550,301.0,4.0
17:43:40,23450,308.0,4.0
17:43:40,23500,302.0,4.0
17:43:40,23550,302.5,5.0
17:44:12,23450,308.0,4.0
17:44:12,23500,301.5,3.0
17:44:12,23550,300.5,3.0
17:44:42,23450,308.0,4.0
17:44:42,23500,302.5,3.0
17:44:42,23550,300.5,5.0
17:45:09,23450,307.5,3.0
17:45:09,23500,301.0,4.0
17:45:09,23550,300.5,3.0
17:45:43,23450,307.0,4.0
17:45:43,23500,301.0,4.0
17:45:43,23550,299.0,4.0
17:46:13,23450,307.5,3.0
17:46:13,23500,301.0,2.0
17:46:13,23550,299.0,4.0
17:46:44,23450,308.5,3.0
17:46:44,23500,300.5,3.0
17:46:44,23550,299.5,3.0
17:47:15,23450,307.5,3.0
17:47:15,23500,301.0,4.0
17:47:15,23550,298.0,4.0
17:47:30,23450,309.0,4.0
17:47:30,23500,301.5,3.0
17:47:30,23550,300.5,5.0
17:48:14,23450,308.5,3.0
17:48:14,23500,302.0,4.0
17:48:14,23550,300.5,5.0
17:48:44,23450,308.0,4.0
17:48:44,23500,302.0,4.0
17:48:44,23550,300.5,3.0
17:49:14,23450,308.0,4.0
17:49:14,23500,303.0,4.0
17:49:14,23550,302.0,4.0
17:49:44,23450,308.0,4.0
17:49:44,23500,303.0,2.0
17:49:44,23550,301.5,3.0
17:50:16,23450,307.5,5.0
17:50:16,23500,302.0,4.0
17:50:16,23550,301.5,3.0
17:50:45,23450,308.5,3.0
17:50:45,23500,302.0,4.0
17:50:45,23550,302.0,4.0
17:51:16,23450,306.0,4.0
17:51:16,23500,302.0,4.0
17:51:16,23550,300.5,3.0
17:51:43,23450,306.0,4.0
17:51:43,23500,300.5,3.0
17:51:43,23550,299.5,3.0
17:52:08,23450,306.5,3.0
17:52:08,23500,300.0,4.0
17:52:08,23550,300.5,3.0
17:52:24,23450,307.0,4.0
17:52:24,23500,301.5,3.0
17:52:24,23550,300.5,3.0
17:53:10,23450,308.0,4.0
17:53:10,23500,301.5,3.0
17:53:10,23550,300.0,4.0
17:53:44,23450,307.5,3.0
17:53:44,23500,302.0,4.0
17:53:44,23550,302.0,4.0
17:54:14,23450,307.0,4.0
17:54:14,23500,301.5,3.0
17:54:14,23550,301.0,4.0
17:54:37,23450,308.0,4.0
17:54:37,23500,302.0,4.0
17:54:37,23550,300.0,4.0
17:55:17,23450,307.0,4.0
17:55:17,23500,301.0,4.0
17:55:17,23550,299.0,4.0
17:55:39,23450,306.5,3.0
17:55:39,23500,301.0,4.0
17:55:39,23550,299.0,4.0
17:56:16,23450,306.5,3.0
17:56:16,23500,300.0,4.0
17:56:16,23550,298.5,3.0
17:56:47,23450,307.0,4.0
17:56:47,23500,300.5,3.0
17:56:47,23550,299.0,4.0
17:57:16,23450,307.0,4.0
17:57:16,23500,301.0,4.0
17:57:16,23550,300.0,4.0
17:57:43,23450,305.0,4.0
17:57:43,23500,300.0,4.0
17:57:43,23550,299.0,4.0
17:58:17,23450,305.0,4.0
17:58:17,23500,301.0,4.0
17:58:17,23550,301.0,4.0
17:58:47,23450,304.5,3.0
17:58:47,23500,300.0,4.0
17:58:47,23550,301.0,4.0
17:59:17,23450,305.0,4.0
17:59:17,23500,300.0,4.0
17:59:17,23550,300.0,4.0
17:59:40,23450,304.0,4.0
17:59:40,23500,299.5,5.0
17:59:40,23550,298.5,3.0
18:00:18,23450,305.0,4.0
18:00:18,23500,300.5,3.0
18:00:18,23550,301.0,4.0
18:00:49,23450,304.5,5.0
18:00:49,23500,299.5,3.0
18:00:49,23550,300.0,4.0
18:01:16,23450,305.0,4.0
18:01:16,23500,300.0,4.0
18:01:16,23550,301.0,4.0
18:01:48,23450,304.0,2.0
18:01:48,23500,300.0,4.0
18:01:48,23550,300.0,4.0
18:02:19,23450,304.0,4.0
18:02:19,23500,300.0,4.0
18:02:19,23550,300.5,5.0
18:02:45,23450,305.0,4.0
18:02:45,23500,300.0,4.0
18:02:45,23550,300.0,4.0
18:03:19,23450,305.0,4.0
18:03:19,23500,300.0,4.0
18:03:19,23550,300.0,4.0
18:03:47,23450,305.0,4.0
18:03:47,23500,300.0,4.0
18:03:47,23550,301.0,4.0
18:04:18,23450,304.0,4.0
18:04:18,23500,300.0,2.0
18:04:18,23550,301.0,2.0
18:04:51,23450,303.5,3.0
18:04:51,23500,299.5,3.0
18:04:51,23550,302.0,4.0
18:05:21,23450,303.5,3.0
18:05:21,23500,300.5,3.0
18:05:21,23550,301.5,5.0
18:05:50,23450,304.5,3.0
18:05:50,23500,300.5,3.0
18:05:50,23550,300.0,4.0
18:06:21,23450,304.0,4.0
18:06:21,23500,300.5,5.0
18:06:21,23550,301.5,3.0
18:06:51,23450,305.0,4.0
18:06:51,23500,301.0,4.0
18:06:51,23550,302.0,2.0
18:07:06,23450,304.0,4.0
18:07:06,23500,299.5,3.0
18:07:06,23550,301.5,3.0
18:07:51,23450,305.0,4.0
18:07:51,23500,302.0,2.0
18:07:51,23550,303.0,4.0
18:08:15,23450,305.0,4.0
18:08:15,23500,301.0,4.0
18:08:15,23550,302.0,2.0
18:08:52,23450,305.5,5.0
18:08:52,23500,300.5,3.0
18:08:52,23550,302.5,3.0
18:09:22,23450,307.0,4.0
18:09:22,23500,301.0,4.0
18:09:22,23550,300.5,5.0
18:09:52,23450,306.0,4.0
18:09:52,23500,301.0,4.0
18:09:52,23550,300.5,5.0
18:10:15,23450,306.0,4.0
18:10:15,23500,301.0,4.0
18:10:15,23550,301.0,4.0
18:10:52,23450,305.0,4.0
18:10:52,23500,301.5,3.0
18:10:52,23550,302.0,4.0
18:11:22,23450,305.0,4.0
18:11:22,23500,301.5,3.0
18:11:22,23550,300.5,5.0
18:11:46,23450,305.0,4.0
18:11:46,23500,301.0,4.0
18:11:46,23550,301.0,4.0
18:12:17,23450,305.5,3.0
18:12:17,23500,300.5,3.0
18:12:17,23550,300.5,3.0
18:12:54,23450,306.0,4.0
18:12:54,23500,300.5,3.0
18:12:54,23550,299.5,3.0
18:13:23,23450,306.0,2.0
18:13:23,23500,301.5,3.0
18:13:23,23550,300.5,3.0
18:13:51,23450,306.5,3.0
18:13:51,23500,300.0,4.0
18:13:51,23550,300.0,4.0
18:14:23,23450,306.0,4.0
18:14:23,23500,300.0,4.0
18:14:23,23550,300.0,4.0
18:14:42,23450,306.0,4.0
18:14:42,23500,300.0,2.0
18:14:42,23550,300.0,4.0
18:15:23,23450,305.0,4.0
18:15:23,23500,299.0,4.0
18:15:23,23550,298.5,5.0
18:15:49,23450,303.0,4.0
18:15:49,23500,297.5,3.0
18:15:49,23550,297.0,4.0
18:16:24,23450,303.0,4.0
18:16:24,23500,297.5,3.0
18:16:24,23550,296.5,5.0
18:16:54,23450,303.0,4.0
18:16:54,23500,296.5,3.0
18:16:54,23550,295.5,5.0
18:17:24,23450,302.0,4.0
18:17:24,23500,296.0,4.0
18:17:24,23550,296.0,4.0
18:17:48,23450,303.0,4.0
18:17:48,23500,296.5,3.0
18:17:48,23550,297.0,4.0
18:18:21,23450,303.0,4.0
18:18:21,23500,298.0,4.0
18:18:21,23550,297.0,4.0
18:18:29,23450,302.5,3.0
18:18:29,23500,297.0,4.0
18:18:29,23550,295.5,3.0
18:19:25,23450,303.0,4.0
18:19:25,23500,296.5,3.0
18:19:25,23550,295.5,3.0
18:19:29,23450,302.5,3.0
18:19:29,23500,297.0,4.0
18:19:29,23550,296.0,4.0
18:20:22,23450,303.0,4.0
18:20:22,23500,297.0,4.0
18:20:22,23550,297.0,4.0
18:20:54,23450,303.0,4.0
18:20:54,23500,297.0,4.0
18:20:54,23550,297.0,4.0
18:21:24,23450,302.0,4.0
18:21:24,23500,297.5,3.0
18:21:24,23550,296.0,4.0
18:21:47,23450,303.0,4.0
18:21:47,23500,296.5,3.0
18:21:47,23550,296.5,5.0
18:22:22,23450,303.0,4.0
18:22:22,23500,297.0,4.0
18:22:22,23550,296.5,5.0
18:22:49,23450,302.0,4.0
18:22:49,23500,297.0,4.0
18:22:49,23550,296.5,5.0
18:23:20,23450,302.0,4.0
18:23:20,23500,296.0,4.0
18:23:20,23550,295.5,5.0
18:23:38,23450,302.5,3.0
18:23:38,23500,296.5,3.0
18:23:38,23550,295.5,3.0
18:24:26,23450,302.0,4.0
18:24:26,23500,296.0,4.0
18:24:26,23550,296.0,4.0
18:24:26,23450,302.5,3.0
18:24:26,23500,296.0,4.0
18:24:26,23550,296.0,4.0
18:25:24,23450,302.5,3.0
18:25:24,23500,296.0,4.0
18:25:24,23550,296.0,4.0
18:25:52,23450,302.5,3.0
18:25:52,23500,295.5,3.0
18:25:52,23550,295.0,4.0
18:26:20,23450,301.5,3.0
18:26:20,23500,295.0,2.0
18:26:20,23550,293.5,5.0
18:26:52,23450,300.0,4.0
18:26:52,23500,293.0,2.0
18:26:52,23550,292.5,3.0
18:27:25,23450,299.5,3.0
18:27:25,23500,293.5,3.0
18:27:25,23550,291.0,4.0
18:27:57,23450,299.5,5.0
18:27:57,23500,293.5,3.0
18:27:57,23550,292.5,3.0
18:28:29,23450,299.0,4.0
18:28:29,23500,292.5,3.0
18:28:29,23550,291.0,4.0
18:28:59,23450,296.5,5.0
18:28:59,23500,290.0,4.0
18:28:59,23550,288.0,4.0
18:29:26,23450,296.5,5.0
18:29:26,23500,290.0,4.0
18:29:26,23550,289.0,4.0
18:29:53,23450,297.5,3.0
18:29:53,23500,290.0,4.0
18:29:53,23550,289.0,4.0
18:30:25,23450,298.0,4.0
18:30:25,23500,290.5,3.0
18:30:25,23550,288.5,3.0
18:30:55,23450,298.0,4.0
18:30:55,23500,290.0,4.0
18:30:55,23550,289.0,4.0
18:31:28,23450,297.5,3.0
18:31:28,23500,290.0,4.0
18:31:28,23550,287.0,2.0
18:31:59,23500,289.5,3.0
18:31:59,23550,286.0,4.0
18:31:59,23600,290.0,4.0
18:32:26,23500,290.0,4.0
18:32:26,23550,287.0,4.0
18:32:26,23600,291.0,4.0
18:32:59,23500,290.5,3.0
18:32:59,23550,287.5,5.0
18:32:59,23600,291.5,3.0
18:33:28,23450,298.0,4.0
18:33:28,23500,290.5,3.0
18:33:28,23550,287.0,4.0
18:33:54,23500,290.5,3.0
18:33:54,23550,287.5,3.0
18:33:54,23600,291.5,3.0
18:34:23,23500,291.0,2.0
18:34:23,23550,288.5,3.0
18:34:23,23600,291.5,3.0
18:35:01,23500,292.5,3.0
18:35:01,23550,288.0,4.0
18:35:01,23600,292.5,3.0
18:35:25,23500,292.5,3.0
18:35:25,23550,288.5,3.0
18:35:25,23600,292.5,3.0
18:35:51,23450,300.0,4.0
18:35:51,23500,291.5,3.0
18:35:51,23550,289.0,4.0
18:36:29,23450,299.0,4.0
18:36:29,23500,291.5,3.0
18:36:29,23550,289.0,4.0
18:36:45,23450,300.0,4.0
18:36:45,23500,291.5,3.0
18:36:45,23550,288.5,3.0
18:37:29,23450,299.0,4.0
18:37:29,23500,291.0,4.0
18:37:29,23550,289.0,4.0
18:38:01,23450,299.0,4.0
18:38:01,23500,292.0,4.0
18:38:01,23550,289.0,4.0
18:38:32,23450,297.5,5.0
18:38:32,23500,291.5,3.0
18:38:32,23550,289.5,3.0
18:39:00,23450,297.0,4.0
18:39:00,23500,291.5,3.0
18:39:00,23550,289.5,5.0
18:39:26,23450,297.5,3.0
18:39:26,23500,291.0,2.0
18:39:26,23550,289.5,3.0
18:40:00,23450,298.5,3.0
18:40:00,23500,292.0,4.0
18:40:00,23550,290.5,3.0
18:40:29,23450,298.0,4.0
18:40:29,23500,292.5,3.0
18:40:29,23550,290.5,3.0
18:40:45,23450,299.0,4.0
18:40:45,23500,292.5,3.0
18:40:45,23550,290.0,4.0
18:41:27,23450,299.0,4.0
18:41:27,23500,291.5,3.0
18:41:27,23550,291.0,4.0
18:42:00,23450,299.0,4.0
18:42:00,23500,292.5,3.0
18:42:00,23550,290.0,4.0
18:42:31,23450,300.0,4.0
18:42:31,23500,291.5,3.0
18:42:31,23550,290.0,4.0
18:43:02,23450,300.0,4.0
18:43:02,23500,292.0,4.0
18:43:02,23550,290.5,3.0
18:43:32,23450,299.5,3.0
18:43:32,23500,292.0,4.0
18:43:32,23550,289.0,4.0
18:44:01,23450,300.0,4.0
18:44:01,23500,292.0,4.0
18:44:01,23550,290.0,4.0
18:44:34,23450,299.0,4.0
18:44:34,23500,292.0,4.0
18:44:34,23550,291.0,4.0
18:45:03,23450,299.0,4.0
18:45:03,23500,293.0,4.0
18:45:03,23550,292.5,3.0
18:45:35,23450,299.0,4.0
18:45:35,23500,295.0,2.0
18:45:35,23550,295.5,3.0
18:46:04,23450,299.0,4.0
18:46:04,23500,294.5,3.0
18:46:04,23550,295.0,4.0
18:46:34,23450,298.5,3.0
18:46:34,23500,294.0,4.0
18:46:34,23550,295.0,4.0
18:47:01,23450,299.5,3.0
18:47:01,23500,295.0,4.0
18:47:01,23550,295.5,3.0
18:47:31,23450,300.0,4.0
18:47:31,23500,296.0,4.0
18:47:31,23550,296.0,4.0
18:48:04,23450,301.0,4.0
18:48:04,23500,296.0,2.0
18:48:04,23550,297.0,4.0
18:48:34,23450,301.0,4.0
18:48:34,23500,296.0,4.0
18:48:34,23550,296.0,4.0
18:48:59,23450,302.0,4.0
18:48:59,23500,296.0,4.0
18:48:59,23550,296.5,3.0
18:49:25,23450,302.0,4.0
18:49:25,23500,296.0,4.0
18:49:25,23550,296.5,3.0
18:50:01,23450,301.0,4.0
18:50:01,23500,296.5,3.0
18:50:01,23550,297.5,3.0
18:50:33,23450,300.5,3.0
18:50:33,23500,297.0,2.0
18:50:33,23550,298.0,4.0
18:51:07,23450,300.0,4.0
18:51:07,23500,296.0,4.0
18:51:07,23550,297.0,4.0
18:51:34,23450,300.0,4.0
18:51:34,23500,296.0,4.0
18:51:34,23550,295.5,3.0
18:51:49,23450,300.0,4.0
18:51:49,23500,296.0,4.0
18:51:49,23550,295.5,3.0
18:52:30,23450,300.0,4.0
18:52:30,23500,296.0,2.0
18:52:30,23550,295.0,4.0
18:53:01,23450,299.0,4.0
18:53:01,23500,294.5,3.0
18:53:01,23550,296.5,3.0
18:53:31,23450,299.0,4.0
18:53:31,23500,295.0,4.0
18:53:31,23550,297.0,4.0
18:53:56,23450,301.0,4.0
18:53:56,23500,296.5,3.0
18:53:56,23550,297.5,3.0
18:54:38,23450,301.0,4.0
18:54:38,23500,297.0,4.0
18:54:38,23550,297.0,4.0
18:55:06,23450,300.5,3.0
18:55:06,23500,296.5,3.0
18:55:06,23550,297.0,4.0
18:55:33,23450,301.0,4.0
18:55:33,23500,297.0,4.0
18:55:33,23550,297.5,3.0
18:56:03,23450,301.0,4.0
18:56:03,23500,298.5,3.0
18:56:03,23550,299.0,4.0
18:56:34,23450,301.5,3.0
18:56:34,23500,298.0,2.0
18:56:34,23550,300.0,2.0
18:57:09,23450,303.0,4.0
18:57:09,23500,299.0,4.0
18:57:09,23550,300.5,3.0
18:57:39,23450,304.0,4.0
18:57:39,23500,300.0,4.0
18:57:39,23550,302.0,4.0
18:58:05,23450,304.0,4.0
18:58:05,23500,301.0,2.0
18:58:05,23550,303.5,3.0
18:58:39,23400,312.5,3.0
18:58:39,23450,304.5,3.0
18:58:39,23500,301.0,2.0
18:59:10,23400,311.5,5.0
18:59:10,23450,303.0,4.0
18:59:10,23500,302.0,4.0
18:59:39,23400,313.0,2.0
18:59:39,23450,303.5,3.0
18:59:39,23500,303.0,4.0
19:00:10,23400,310.0,6.0
19:00:10,23450,303.0,4.0
19:00:10,23500,303.5,5.0
19:00:40,23400,310.0,4.0
19:00:40,23450,304.0,2.0
19:00:40,23500,303.0,4.0
19:01:08,23400,310.5,3.0
19:01:08,23450,304.0,4.0
19:01:08,23500,304.5,3.0
19:01:34,23400,310.0,4.0
19:01:34,23450,304.5,3.0
19:01:34,23500,304.5,3.0
19:02:10,23400,310.0,2.0
19:02:10,23450,304.0,4.0
19:02:10,23500,304.5,3.0
19:02:34,23400,309.0,4.0
19:02:34,23450,303.0,4.0
19:02:34,23500,304.5,3.0
19:03:11,23400,308.0,4.0
19:03:11,23450,302.0,4.0
19:03:11,23500,304.0,4.0
19:03:38,23400,308.5,3.0
19:03:38,23450,301.5,3.0
19:03:38,23500,302.5,3.0
19:04:09,23400,307.5,3.0
19:04:09,23450,302.5,3.0
19:04:09,23500,303.0,4.0
19:04:35,23400,307.5,3.0
19:04:35,23450,302.5,3.0
19:04:35,23500,302.5,3.0
19:05:12,23400,307.0,4.0
19:05:12,23450,301.0,4.0
19:05:12,23500,302.0,4.0
19:05:40,23400,306.5,3.0
19:05:40,23450,301.0,4.0
19:05:40,23500,302.0,2.0
19:06:11,23400,307.0,4.0
19:06:11,23450,301.5,3.0
19:06:11,23500,301.5,3.0
19:06:42,23400,307.5,3.0
19:06:42,23450,300.0,4.0
19:06:42,23500,300.5,5.0
19:07:10,23400,307.5,3.0
19:07:10,23450,299.5,3.0
19:07:10,23500,300.0,4.0
19:07:42,23400,307.0,4.0
19:07:42,23450,299.5,3.0
19:07:42,23500,298.0,2.0
19:08:12,23400,305.0,4.0
19:08:12,23450,297.5,3.0
19:08:12,23500,295.5,3.0
19:08:42,23400,304.5,5.0
19:08:42,23450,297.5,5.0
19:08:42,23500,296.5,3.0
19:09:11,23400,304.0,4.0
19:09:11,23450,298.0,4.0
19:09:11,23500,298.0,4.0
19:09:43,23400,305.0,4.0
19:09:43,23450,297.5,5.0
19:09:43,23500,296.5,3.0
19:10:13,23400,305.0,4.0
19:10:13,23450,297.0,4.0
19:10:13,23500,297.0,4.0
19:10:40,23400,304.0,4.0
19:10:40,23450,298.0,4.0
19:10:40,23500,298.0,4.0
19:11:09,23400,305.0,4.0
19:11:09,23450,298.5,3.0
19:11:09,23500,298.5,5.0
19:11:41,23400,307.0,4.0
19:11:41,23450,301.0,4.0
19:11:41,23500,300.0,4.0
19:12:04,23400,307.0,4.0
19:12:04,23450,301.0,4.0
19:12:04,23500,300.0,4.0
19:12:39,23400,307.0,4.0
19:12:39,23450,300.5,3.0
19:12:39,23500,299.5,5.0
19:13:14,23400,305.0,4.0
19:13:14,23450,299.0,4.0
19:13:14,23500,298.5,5.0
19:13:43,23400,305.5,3.0
19:13:43,23450,299.5,3.0
19:13:43,23500,299.0,4.0
19:14:10,23400,306.5,5.0
19:14:10,23450,300.0,4.0
19:14:10,23500,298.5,3.0
19:14:45,23400,306.5,3.0
19:14:45,23450,299.0,4.0
19:14:45,23500,299.0,4.0
19:15:15,23400,306.0,4.0
19:15:15,23450,299.5,3.0
19:15:15,23500,298.5,3.0
19:15:27,23400,305.5,3.0
19:15:27,23450,299.0,4.0
19:15:27,23500,299.0,4.0
19:16:16,23400,305.0,4.0
19:16:16,23450,299.0,4.0
19:16:16,23500,299.0,4.0
19:16:46,23400,304.0,4.0
19:16:46,23450,299.0,2.0
19:16:46,23500,299.5,3.0
19:17:16,23400,307.0,4.0
19:17:16,23450,303.0,4.0
19:17:16,23500,305.0,4.0
19:17:45,23400,304.0,4.0
19:17:45,23450,301.5,3.0
19:17:45,23500,303.5,3.0
19:18:16,23350,313.5,3.0
19:18:16,23400,303.5,3.0
19:18:16,23450,301.5,5.0
19:18:45,23400,304.0,4.0
19:18:45,23450,301.5,3.0
19:18:45,23500,304.0,4.0
19:19:17,23400,305.0,4.0
19:19:17,23450,301.0,4.0
19:19:17,23500,304.5,5.0
19:19:47,23400,303.5,3.0
19:19:47,23450,301.0,4.0
19:19:47,23500,304.0,4.0
19:20:17,23350,311.5,3.0
19:20:17,23400,304.5,3.0
19:20:17,23450,303.0,4.0
19:20:46,23350,313.0,4.0
19:20:46,23400,305.0,4.0
19:20:46,23450,304.5,3.0
19:21:16,23350,314.0,4.0
19:21:16,23400,306.0,4.0
19:21:16,23450,305.5,3.0
19:21:47,23350,316.0,4.0
19:21:47,23400,308.0,4.0
19:21:47,23450,306.0,4.0
19:22:18,23350,315.5,3.0
19:22:18,23400,306.5,3.0
19:22:18,23450,306.5,3.0
19:22:40,23350,315.5,3.0
19:22:40,23400,307.0,4.0
19:22:40,23450,306.0,4.0
19:23:14,23350,315.5,3.0
19:23:14,23400,308.5,3.0
19:23:14,23450,307.0,4.0
19:23:48,23350,315.0,4.0
19:23:48,23400,308.0,4.0
19:23:48,23450,306.0,4.0
19:24:13,23350,315.5,3.0
19:24:13,23400,307.0,4.0
19:24:13,23450,307.0,4.0
19:24:48,23350,315.0,4.0
19:24:48,23400,309.0,4.0
19:24:48,23450,307.0,4.0
19:25:11,23350,315.5,3.0
19:25:11,23400,307.5,3.0
19:25:11,23450,306.5,3.0
19:25:46,23350,315.0,4.0
19:25:46,23400,307.5,3.0
19:25:46,23450,307.0,4.0
19:26:15,23350,315.0,4.0
19:26:15,23400,307.5,3.0
19:26:15,23450,307.0,4.0
19:26:46,23350,316.0,4.0
19:26:46,23400,308.0,4.0
19:26:46,23450,306.5,3.0
19:27:16,23350,315.5,5.0
19:27:16,23400,309.0,2.0
19:27:16,23450,307.5,3.0
19:27:49,23350,316.0,4.0
19:27:49,23400,308.5,3.0
19:27:49,23450,307.0,4.0
19:28:18,23350,315.5,3.0
19:28:18,23400,309.0,4.0
19:28:18,23450,308.5,3.0
19:28:49,23350,316.0,4.0
19:28:49,23400,309.0,4.0
19:28:49,23450,307.0,4.0
19:29:19,23350,315.5,3.0
19:29:19,23400,308.5,3.0
19:29:19,23450,307.0,4.0
19:29:47,23350,315.0,4.0
19:29:47,23400,307.5,5.0
19:29:47,23450,307.0,4.0
19:30:19,23350,315.5,3.0
19:30:19,23400,309.0,4.0
19:30:19,23450,307.0,4.0
19:30:51,23350,315.0,4.0
19:30:51,23400,308.0,4.0
19:30:51,23450,306.5,5.0
19:31:19,23350,315.0,4.0
19:31:19,23400,307.0,4.0
19:31:19,23450,305.0,4.0
19:31:47,23350,314.0,4.0
19:31:47,23400,306.0,4.0
19:31:47,23450,304.0,2.0
19:32:21,23400,305.0,4.0
19:32:21,23450,304.0,4.0
19:32:21,23500,307.5,3.0
19:32:51,23400,298.5,3.0
19:32:51,23450,295.0,4.0
19:32:51,23500,297.5,3.0
19:33:19,23400,298.0,4.0
19:33:19,23450,294.5,3.0
19:33:19,23500,297.0,2.0
19:33:44,23400,299.5,3.0
19:33:44,23450,294.5,3.0
19:33:44,23500,297.5,3.0
19:34:19,23400,299.5,3.0
19:34:19,23450,296.0,4.0
19:34:19,23500,297.5,5.0
19:34:52,23400,300.0,2.0
19:34:52,23450,295.5,3.0
19:34:52,23500,298.5,5.0
19:35:22,23400,300.0,4.0
19:35:22,23450,295.5,3.0
19:35:22,23500,296.5,3.0
19:35:51,23400,300.5,3.0
19:35:51,23450,296.0,4.0
19:35:51,23500,298.0,4.0
19:36:19,23400,300.0,4.0
19:36:19,23450,296.0,4.0
19:36:19,23500,298.5,3.0
19:36:46,23400,300.5,3.0
19:36:46,23450,296.0,4.0
19:36:46,23500,298.5,5.0
19:37:20,23400,299.5,3.0
19:37:20,23450,296.0,4.0
19:37:20,23500,297.5,3.0
19:37:53,23400,300.0,4.0
19:37:53,23450,295.5,3.0
19:37:53,23500,298.0,4.0
19:38:22,23400,300.5,3.0
19:38:22,23450,297.0,4.0
19:38:22,23500,298.0,4.0
19:38:52,23400,301.0,4.0
19:38:52,23450,297.5,3.0
19:38:52,23500,300.0,4.0
19:39:06,23400,300.0,4.0
19:39:06,23450,297.5,3.0
19:39:06,23500,299.0,2.0
19:39:52,23400,299.5,3.0
19:39:52,23450,297.0,4.0
19:39:52,23500,300.5,3.0
19:40:15,23400,300.0,4.0
19:40:15,23450,297.5,3.0
19:40:15,23500,300.5,3.0
19:40:54,23400,301.0,4.0
19:40:54,23450,296.5,3.0
19:40:54,23500,298.0,4.0
19:41:22,23400,300.0,4.0
19:41:22,23450,295.5,3.0
19:41:22,23500,297.0,2.0
19:41:52,23400,299.5,3.0
19:41:52,23450,294.5,3.0
19:41:52,23500,296.0,4.0
19:42:19,23400,298.5,3.0
19:42:19,23450,294.5,3.0
19:42:19,23500,295.5,3.0
19:42:50,23400,299.0,4.0
19:42:50,23450,294.0,4.0
19:42:50,23500,294.5,3.0
19:43:24,23400,299.5,3.0
19:43:24,23450,293.0,4.0
19:43:24,23500,294.5,3.0
19:43:50,23400,299.0,4.0
19:43:50,23450,293.0,4.0
19:43:50,23500,294.0,4.0
19:44:25,23400,298.5,3.0
19:44:25,23450,294.0,4.0
19:44:25,23500,295.0,4.0
19:44:52,23400,298.5,3.0
19:44:52,23450,293.0,4.0
19:44:52,23500,294.5,3.0
19:45:09,23400,299.0,2.0
19:45:09,23450,293.0,4.0
19:45:09,23500,293.5,3.0
19:45:46,23400,298.5,3.0
19:45:46,23450,293.0,4.0
19:45:46,23500,294.5,5.0
19:46:25,23400,298.5,3.0
19:46:25,23450,293.0,4.0
19:46:25,23500,295.0,4.0
19:46:56,23400,297.5,3.0
19:46:56,23450,294.0,4.0
19:46:56,23500,296.0,4.0
19:47:26,23400,298.5,3.0
19:47:26,23450,295.0,4.0
19:47:26,23500,298.0,4.0
19:47:55,23400,300.0,4.0
19:47:55,23450,296.0,4.0
19:47:55,23500,297.5,3.0
19:48:19,23400,301.0,4.0
19:48:19,23450,298.5,3.0
19:48:19,23500,299.5,3.0
19:48:57,23400,302.0,2.0
19:48:57,23450,298.5,3.0
19:48:57,23500,300.0,4.0
19:49:27,23400,302.5,3.0
19:49:27,23450,297.0,4.0
19:49:27,23500,298.5,3.0
19:49:56,23400,301.5,3.0
19:49:56,23450,297.0,4.0
19:49:56,23500,298.0,4.0
19:50:23,23400,301.0,4.0
19:50:23,23450,297.0,4.0
19:50:23,23500,299.5,3.0
19:50:55,23400,301.0,4.0
19:50:55,23450,296.5,3.0
19:50:55,23500,299.0,4.0
19:51:28,23400,301.0,4.0
19:51:28,23450,297.5,5.0
19:51:28,23500,299.5,5.0
19:51:57,23400,300.0,4.0
19:51:57,23450,298.0,4.0
19:51:57,23500,299.5,5.0
19:52:27,23400,301.0,4.0
19:52:27,23450,297.5,5.0
19:52:27,23500,299.5,5.0
19:52:58,23400,301.5,3.0
19:52:58,23450,298.0,4.0
19:52:58,23500,299.5,3.0
19:53:12,23400,301.0,4.0
19:53:12,23450,298.0,4.0
19:53:12,23500,299.5,3.0
19:53:39,23400,301.0,4.0
19:53:39,23450,297.0,4.0
19:53:39,23500,300.5,5.0
19:54:28,23400,300.0,2.0
19:54:28,23450,296.0,4.0
19:54:28,23500,298.5,3.0
19:54:43,23400,300.5,3.0
19:54:43,23450,296.5,5.0
19:54:43,23500,299.0,2.0
19:55:26,23400,300.0,4.0
19:55:26,23450,296.0,4.0
19:55:26,23500,296.5,5.0
19:55:53,23400,300.5,3.0
19:55:53,23450,295.0,4.0
19:55:53,23500,296.0,4.0
19:56:28,23400,299.5,3.0
19:56:28,23450,295.0,4.0
19:56:28,23500,296.0,2.0
19:56:56,23400,300.5,3.0
19:56:56,23450,295.0,4.0
19:56:56,23500,295.0,4.0
19:57:28,23400,299.0,4.0
19:57:28,23450,295.0,4.0
19:57:28,23500,296.5,5.0
19:57:54,23400,299.5,3.0
19:57:54,23450,294.0,4.0
19:57:54,23500,295.5,3.0
19:58:24,23400,299.0,4.0
19:58:24,23450,295.5,5.0
19:58:24,23500,297.0,4.0
19:58:57,23400,298.0,4.0
19:58:57,23450,294.0,4.0
19:58:57,23500,296.0,4.0
19:59:23,23400,299.0,4.0
19:59:23,23450,294.5,5.0
19:59:23,23500,295.5,3.0
20:00:01,23400,297.0,4.0
20:00:01,23450,293.0,4.0
20:00:01,23500,295.0,4.0
20:00:23,23400,298.0,4.0
20:00:23,23450,294.0,4.0
20:00:23,23500,295.5,5.0
20:00:56,23400,298.0,4.0
20:00:56,23450,294.0,4.0
20:00:56,23500,297.0,4.0
20:01:24,23400,297.5,3.0
20:01:24,23450,293.5,5.0
20:01:24,23500,295.0,4.0
20:01:57,23400,298.0,4.0
20:01:57,23450,294.0,4.0
20:01:57,23500,295.0,4.0
20:02:29,23400,297.5,3.0
20:02:29,23450,293.0,4.0
20:02:29,23500,294.0,4.0
20:03:00,23400,297.5,5.0
20:03:00,23450,292.5,5.0
20:03:00,23500,293.5,3.0
20:03:30,23400,297.5,3.0
20:03:30,23450,293.0,4.0
20:03:30,23500,294.5,3.0
20:04:01,23400,298.0,4.0
20:04:01,23450,293.0,4.0
20:04:01,23500,294.5,5.0
20:04:32,23400,298.5,5.0
20:04:32,23450,293.5,5.0
20:04:32,23500,295.0,2.0
20:05:00,23400,299.0,4.0
20:05:00,23450,293.5,5.0
20:05:00,23500,295.0,4.0
20:05:09,23400,299.0,4.0
20:05:09,23450,293.5,5.0
20:05:09,23500,295.0,4.0
20:06:00,23400,299.5,3.0
20:06:00,23450,294.0,4.0
20:06:00,23500,294.5,3.0
20:06:28,23400,299.5,3.0
20:06:28,23450,293.5,3.0
20:06:28,23500,294.0,2.0
20:07:03,23400,298.5,3.0
20:07:03,23450,293.0,4.0
20:07:03,23500,293.0,4.0
20:07:29,23400,297.0,4.0
20:07:29,23450,291.5,3.0
20:07:29,23500,291.0,2.0
20:08:00,23400,296.0,2.0
20:08:00,23450,290.5,3.0
20:08:00,23500,290.0,2.0
20:08:34,23400,296.0,4.0
20:08:34,23450,291.0,4.0
20:08:34,23500,292.5,3.0
20:09:00,23400,296.0,4.0
20:09:00,23450,290.0,4.0
20:09:00,23500,290.0,4.0
20:09:33,23400,295.5,3.0
20:09:33,23450,290.0,4.0
20:09:33,23500,289.5,3.0
20:10:03,23400,295.5,3.0
20:10:03,23450,290.0,4.0
20:10:03,23500,288.5,3.0
20:10:31,23400,296.0,4.0
20:10:31,23450,289.5,3.0
20:10:31,23500,290.0,4.0
20:11:02,23400,296.5,3.0
20:11:02,23450,289.5,3.0
20:11:02,23500,290.5,3.0
20:11:28,23400,295.5,3.0
20:11:28,23450,289.5,3.0
20:11:28,23500,290.0,4.0
20:12:03,23400,296.0,4.0
20:12:03,23450,290.0,4.0
20:12:03,23500,290.0,4.0
20:12:34,23400,295.5,3.0
20:12:34,23450,289.0,4.0
20:12:34,23500,288.5,3.0
20:13:00,23400,295.5,3.0
20:13:00,23450,289.0,4.0
20:13:00,23500,288.5,3.0
20:13:34,23400,297.0,4.0
20:13:34,23450,289.0,4.0
20:13:34,23500,287.5,3.0
20:14:06,23400,296.5,3.0
20:14:06,23450,288.5,3.0
20:14:06,23500,286.5,3.0
20:14:26,23400,297.0,4.0
20:14:26,23450,288.5,3.0
20:14:26,23500,287.5,3.0
20:15:04,23400,296.5,3.0
20:15:04,23450,289.0,4.0
20:15:04,23500,287.5,3.0
20:15:35,23450,287.5,3.0
20:15:35,23500,285.0,4.0
20:15:35,23550,289.0,4.0
20:16:07,23450,286.0,4.0
20:16:07,23500,284.0,4.0
20:16:07,23550,287.0,4.0
20:16:34,23450,286.5,3.0
20:16:34,23500,283.0,4.0
20:16:34,23550,286.5,3.0
20:17:06,23450,287.0,4.0
20:17:06,23500,283.5,3.0
20:17:06,23550,287.0,4.0
20:17:36,23450,288.0,4.0
20:17:36,23500,284.0,4.0
20:17:36,23550,289.0,4.0
20:18:05,23450,288.0,4.0
20:18:05,23500,285.0,2.0
20:18:05,23550,288.5,3.0
20:18:36,23450,288.0,4.0
20:18:36,23500,284.0,4.0
20:18:36,23550,288.0,4.0
20:19:02,23450,288.0,4.0
20:19:02,23500,284.5,3.0
20:19:02,23550,287.5,3.0
20:19:35,23450,287.0,4.0
20:19:35,23500,284.5,3.0
20:19:35,23550,288.0,4.0
20:20:04,23450,288.0,4.0
20:20:04,23500,284.5,5.0
20:20:04,23550,288.5,3.0
20:20:34,23450,288.5,3.0
20:20:34,23500,283.5,3.0
20:20:34,23550,288.5,3.0
20:21:06,23450,288.0,4.0
20:21:06,23500,284.0,4.0
20:21:06,23550,289.0,4.0
20:21:37,23450,287.5,3.0
20:21:37,23500,285.0,2.0
20:21:37,23550,289.0,4.0
20:22:07,23450,288.0,4.0
20:22:07,23500,284.0,4.0
20:22:07,23550,287.5,3.0
20:22:32,23450,287.5,3.0
20:22:32,23500,282.5,3.0
20:22:32,23550,286.5,3.0
20:23:08,23450,287.5,3.0
20:23:08,23500,281.5,3.0
20:23:08,23550,284.5,5.0
20:23:39,23450,287.5,3.0
20:23:39,23500,284.0,4.0
20:23:39,23550,287.0,4.0
20:24:06,23450,287.0,4.0
20:24:06,23500,284.0,2.0
20:24:06,23550,287.5,3.0
20:24:39,23450,288.0,2.0
20:24:39,23500,284.0,2.0
20:24:39,23550,288.0,4.0
20:25:08,23450,288.5,3.0
20:25:08,23500,283.5,3.0
20:25:08,23550,287.5,3.0
20:25:40,23450,287.5,3.0
20:25:40,23500,284.5,3.0
20:25:40,23550,286.0,2.0
20:26:07,23450,288.0,4.0
20:26:07,23500,282.5,3.0
20:26:07,23550,286.5,3.0
20:26:32,23450,288.0,4.0
20:26:32,23500,284.0,4.0
20:26:32,23550,287.0,4.0
20:26:56,23450,288.0,4.0
20:26:56,23500,284.5,3.0
20:26:56,23550,287.0,4.0
20:27:40,23450,288.0,4.0
20:27:40,23500,283.5,3.0
20:27:40,23550,286.0,2.0
20:28:09,23450,288.0,4.0
20:28:09,23500,284.5,3.0
20:28:09,23550,286.0,4.0
20:28:33,23450,287.0,4.0
20:28:33,23500,283.0,2.0
20:28:33,23550,286.0,4.0
20:29:09,23450,288.5,3.0
20:29:09,23500,284.5,3.0
20:29:09,23550,287.0,4.0
20:29:33,23450,287.5,3.0
20:29:33,23500,284.0,2.0
20:29:33,23550,286.5,5.0
20:30:11,23450,287.0,4.0
20:30:11,23500,284.0,4.0
20:30:11,23550,287.0,4.0
20:30:36,23450,287.5,3.0
20:30:36,23500,283.5,5.0
20:30:36,23550,288.0,2.0
20:31:00,23450,287.5,3.0
20:31:00,23500,284.0,4.0
20:31:00,23550,287.0,2.0
20:31:42,23450,288.5,3.0
20:31:42,23500,284.5,3.0
20:31:42,23550,287.5,5.0
20:32:03,23450,288.0,4.0
20:32:03,23500,284.0,4.0
20:32:03,23550,288.0,4.0
20:32:38,23450,287.5,3.0
20:32:38,23500,284.5,3.0
20:32:38,23550,287.0,4.0
20:33:13,23450,288.0,4.0
20:33:13,23500,284.0,4.0
20:33:13,23550,286.5,5.0
20:33:42,23450,287.0,4.0
20:33:42,23500,283.5,3.0
20:33:42,23550,286.0,4.0
20:34:13,23450,287.5,5.0
20:34:13,23500,282.5,3.0
20:34:13,23550,285.0,4.0
20:34:33,23450,287.0,4.0
20:34:33,23500,283.0,4.0
20:34:33,23550,286.0,4.0
20:34:33,23450,287.5,3.0
20:34:33,23500,283.5,3.0
20:34:33,23550,285.0,4.0
20:35:43,23450,288.5,3.0
20:35:43,23500,284.0,2.0
20:35:43,23550,285.0,2.0
20:36:13,23450,288.0,4.0
20:36:13,23500,283.0,2.0
20:36:13,23550,285.0,4.0
20:36:44,23450,287.5,3.0
20:36:44,23500,283.0,4.0
20:36:44,23550,286.0,4.0
20:37:14,23450,289.0,4.0
20:37:14,23500,285.0,4.0
20:37:14,23550,288.0,4.0
20:37:42,23450,291.0,4.0
20:37:42,23500,287.0,4.0
20:37:42,23550,290.0,4.0
20:38:15,23450,290.0,4.0
20:38:15,23500,286.0,2.0
20:38:15,23550,290.0,4.0
20:38:44,23450,290.0,4.0
20:38:44,23500,287.0,4.0
20:38:44,23550,290.5,5.0
20:39:15,23450,289.0,4.0
20:39:15,23500,286.5,3.0
20:39:15,23550,291.5,3.0
20:39:41,23450,290.0,4.0
20:39:41,23500,286.5,3.0
20:39:41,23550,291.0,4.0
20:40:13,23450,290.0,4.0
20:40:13,23500,287.5,3.0
20:40:13,23550,291.5,3.0
20:40:25,23450,290.0,4.0
20:40:25,23500,288.0,4.0
20:40:25,23550,291.0,4.0
20:41:04,23450,291.0,4.0
20:41:04,23500,287.0,4.0
20:41:04,23550,291.0,4.0
20:41:46,23450,291.5,3.0
20:41:46,23500,285.5,3.0
20:41:46,23550,288.0,4.0
20:42:13,23450,290.0,4.0
20:42:13,23500,286.5,5.0
20:42:13,23550,291.0,4.0
20:42:44,23450,290.0,4.0
20:42:44,23500,287.0,4.0
20:42:44,23550,291.5,3.0
20:43:15,23450,290.0,4.0
20:43:15,23500,287.0,4.0
20:43:15,23550,290.5,3.0
20:43:44,23450,290.0,4.0
20:43:44,23500,287.5,3.0
20:43:44,23550,290.0,4.0
20:44:09,23450,290.0,4.0
20:44:09,23500,287.0,4.0
20:44:09,23550,291.0,4.0
20:44:37,23450,290.0,4.0
20:44:37,23500,287.0,4.0
20:44:37,23550,291.0,4.0
20:45:17,23450,290.0,4.0
20:45:17,23500,287.0,2.0
20:45:17,23550,290.0,4.0
20:45:43,23450,290.0,4.0
20:45:43,23500,286.0,4.0
20:45:43,23550,290.0,4.0
20:46:14,23450,290.0,4.0
20:46:14,23500,287.5,3.0
20:46:14,23550,290.5,3.0
20:46:40,23450,289.0,4.0
20:46:40,23500,287.0,4.0
20:46:40,23550,289.5,5.0
20:47:09,23450,290.0,4.0
20:47:09,23500,286.0,4.0
20:47:09,23550,290.5,3.0
20:47:39,23450,290.0,4.0
20:47:39,23500,286.0,4.0
20:47:39,23550,290.0,4.0
20:48:18,23450,290.0,4.0
20:48:18,23500,287.0,4.0
20:48:18,23550,290.5,5.0
20:48:40,23450,290.0,4.0
20:48:40,23500,286.0,4.0
20:48:40,23550,290.0,4.0
20:49:17,23450,290.0,4.0
20:49:17,23500,286.0,4.0
20:49:17,23550,289.5,5.0
20:49:47,23450,290.5,3.0
20:49:47,23500,286.0,4.0
20:49:47,23550,289.0,4.0
20:50:12,23450,290.5,3.0
20:50:12,23500,286.5,3.0
20:50:12,23550,290.0,4.0
20:50:44,23450,291.0,4.0
20:50:44,23500,287.0,4.0
20:50:44,23550,289.5,5.0
20:51:16,23450,290.0,4.0
20:51:16,23500,288.0,2.0
20:51:16,23550,291.0,4.0
20:51:47,23450,290.0,4.0
20:51:47,23500,286.5,3.0
20:51:47,23550,290.5,3.0
20:52:15,23450,290.0,4.0
20:52:15,23500,287.0,4.0
20:52:15,23550,290.0,4.0
20:52:49,23450,289.0,4.0
20:52:49,23500,287.5,3.0
20:52:49,23550,291.0,4.0
20:52:56,23450,290.0,4.0
20:52:56,23500,287.0,4.0
20:52:56,23550,291.0,4.0
20:53:35,23450,290.0,4.0
20:53:35,23500,287.0,2.0
20:53:35,23550,291.0,4.0
20:54:19,23450,290.5,3.0
20:54:19,23500,286.0,4.0
20:54:19,23550,289.0,4.0
20:54:47,23450,289.5,3.0
20:54:47,23500,284.5,3.0
20:54:47,23550,287.0,4.0
20:55:18,23450,289.5,3.0
20:55:18,23500,284.5,5.0
20:55:18,23550,285.5,3.0
20:55:50,23450,282.5,3.0
20:55:50,23500,278.0,2.0
20:55:50,23550,280.5,3.0
20:56:14,23450,282.0,4.0
20:56:14,23500,279.0,2.0
20:56:14,23550,281.5,3.0
20:56:45,23450,282.0,4.0
20:56:45,23500,279.0,2.0
20:56:45,23550,281.0,4.0
20:57:21,23450,282.0,4.0
20:57:21,23500,278.0,4.0
20:57:21,23550,283.0,4.0
20:57:36,23450,284.0,4.0
20:57:36,23500,280.5,3.0
20:57:36,23550,284.0,4.0
20:58:20,23450,284.0,4.0
20:58:20,23500,278.5,3.0
20:58:20,23550,282.0,4.0
20:58:50,23450,282.5,3.0
20:58:50,23500,277.0,2.0
20:58:50,23550,280.0,4.0
20:59:22,23450,281.5,3.0
20:59:22,23500,276.5,3.0
20:59:22,23550,278.5,5.0
20:59:43,23450,280.5,3.0
20:59:43,23500,273.5,3.0
20:59:43,23550,277.0,4.0
21:00:20,23450,281.0,4.0
21:00:20,23500,275.5,3.0
21:00:20,23550,278.5,3.0
21:00:47,23450,282.5,3.0
21:00:47,23500,275.5,3.0
21:00:47,23550,277.5,3.0
21:01:22,23450,282.0,4.0
21:01:22,23500,275.5,3.0
21:01:22,23550,278.5,3.0
21:01:51,23450,282.0,4.0
21:01:51,23500,277.0,2.0
21:01:51,23550,278.5,3.0
21:02:20,23450,282.5,3.0
21:02:20,23500,277.0,4.0
21:02:20,23550,279.5,3.0
21:02:48,23450,282.5,3.0
21:02:48,23500,276.0,4.0
21:02:48,23550,278.0,4.0
21:03:20,23450,282.0,4.0
21:03:20,23500,276.5,3.0
21:03:20,23550,277.5,3.0
21:03:49,23450,283.0,4.0
21:03:49,23500,275.5,3.0
21:03:49,23550,277.5,3.0
21:04:23,23450,282.0,4.0
21:04:23,23500,276.0,4.0
21:04:23,23550,277.0,4.0
21:04:54,23450,282.0,4.0
21:04:54,23500,275.5,3.0
21:04:54,23550,275.0,4.0
21:05:24,23450,281.5,3.0
21:05:24,23500,275.0,4.0
21:05:24,23550,275.5,3.0
21:05:53,23450,281.0,4.0
21:05:53,23500,274.0,2.0
21:05:53,23550,274.0,4.0
21:06:23,23450,281.5,5.0
21:06:23,23500,274.0,2.0
21:06:23,23550,274.0,2.0
21:06:44,23450,281.5,5.0
21:06:44,23500,274.5,3.0
21:06:44,23550,276.5,3.0
21:07:20,23450,283.5,3.0
21:07:20,23500,275.5,3.0
21:07:20,23550,276.5,3.0
21:07:55,23450,283.5,3.0
21:07:55,23500,276.0,2.0
21:07:55,23550,276.0,4.0
21:08:25,23450,282.5,5.0
21:08:25,23500,274.5,3.0
21:08:25,23550,275.5,3.0
21:08:52,23450,283.5,3.0
21:08:52,23500,274.5,3.0
21:08:52,23550,276.5,3.0
21:09:25,23450,283.0,4.0
21:09:25,23500,275.0,4.0
21:09:25,23550,276.0,4.0
21:09:55,23450,283.5,3.0
21:09:55,23500,275.5,3.0
21:09:55,23550,276.0,4.0
21:10:20,23450,283.5,3.0
21:10:20,23500,276.0,4.0
21:10:20,23550,276.0,4.0
21:10:55,23450,283.0,4.0
21:10:55,23500,275.0,2.0
21:10:55,23550,275.5,3.0
21:11:26,23450,284.0,4.0
21:11:26,23500,275.5,3.0
21:11:26,23550,276.0,4.0
21:11:46,23450,283.0,4.0
21:11:46,23500,275.0,4.0
21:11:46,23550,276.0,2.0
21:12:23,23450,283.0,4.0
21:12:23,23500,275.0,4.0
21:12:23,23550,276.0,4.0
21:12:53,23450,283.5,5.0
21:12:53,23500,276.0,4.0
21:12:53,23550,277.0,4.0
21:13:25,23450,283.0,4.0
21:13:25,23500,275.0,2.0
21:13:25,23550,277.0,4.0
21:13:50,23450,282.0,4.0
21:13:50,23500,275.0,4.0
21:13:50,23550,276.5,3.0
21:14:13,23450,282.5,3.0
21:14:13,23500,275.5,3.0
21:14:13,23550,276.0,4.0
21:14:49,23450,282.5,3.0
21:14:49,23500,275.0,4.0
21:14:49,23550,276.0,4.0
21:15:17,23450,283.0,4.0
21:15:17,23500,275.0,4.0
21:15:17,23550,276.5,3.0
21:15:56,23450,284.0,4.0
21:15:56,23500,275.0,4.0
21:15:56,23550,275.5,3.0
21:16:21,23450,284.0,4.0
21:16:21,23500,275.0,4.0
21:16:21,23550,275.5,5.0
21:16:43,23450,284.0,4.0
21:16:43,23500,275.5,3.0
21:16:43,23550,275.0,4.0
21:17:26,23450,284.0,4.0
21:17:26,23500,275.0,4.0
21:17:26,23550,275.0,2.0
21:17:57,23450,283.5,3.0
21:17:57,23500,275.5,3.0
21:17:57,23550,275.0,2.0
21:18:29,23500,275.5,3.0
21:18:29,23550,274.0,4.0
21:18:29,23600,278.5,3.0
21:18:57,23450,284.0,4.0
21:18:57,23500,275.0,4.0
21:18:57,23550,275.0,4.0
21:19:24,23450,284.0,4.0
21:19:24,23500,275.5,3.0
21:19:24,23550,274.0,4.0
21:19:59,23500,275.5,3.0
21:19:59,23550,274.0,2.0
21:19:59,23600,279.0,2.0
21:20:23,23500,275.5,5.0
21:20:23,23550,274.5,3.0
21:20:23,23600,277.0,4.0
21:21:14,23450,284.5,5.0
21:21:14,23500,275.0,2.0
21:21:14,23550,274.5,3.0
21:21:44,23500,275.5,3.0
21:21:44,23550,274.5,3.0
21:21:44,23600,278.0,4.0
21:22:17,23500,277.0,2.0
21:22:17,23550,274.0,4.0
21:22:17,23600,278.0,4.0
21:22:40,23500,276.5,3.0
21:22:40,23550,274.5,5.0
21:22:40,23600,278.5,5.0
21:23:22,23500,276.5,3.0
21:23:22,23550,274.0,4.0
21:23:22,23600,277.5,3.0
21:23:41,23500,275.0,4.0
21:23:41,23550,273.5,3.0
21:23:41,23600,277.0,4.0
21:24:22,23500,274.5,3.0
21:24:22,23550,273.5,3.0
21:24:22,23600,276.5,3.0
21:24:55,23500,276.0,4.0
21:24:55,23550,274.0,4.0
21:24:55,23600,277.5,3.0
21:25:17,23500,276.5,3.0
21:25:17,23550,276.0,2.0
21:25:17,23600,278.5,3.0
21:26:00,23500,277.0,4.0
21:26:00,23550,275.5,3.0
21:26:00,23600,278.5,3.0
21:26:30,23500,277.5,3.0
21:26:30,23550,275.5,3.0
21:26:30,23600,279.5,3.0
21:27:05,23450,288.0,4.0
21:27:05,23500,278.5,3.0
21:27:05,23550,277.5,3.0
21:27:34,23450,288.5,3.0
21:27:34,23500,279.0,2.0
21:27:34,23550,278.0,4.0
21:28:10,23450,288.0,4.0
21:28:10,23500,279.0,2.0
21:28:10,23550,278.0,4.0
21:28:41,23450,288.0,4.0
21:28:41,23500,279.0,4.0
21:28:41,23550,278.5,5.0
21:29:13,23450,287.5,3.0
21:29:13,23500,279.5,3.0
21:29:13,23550,278.5,5.0
21:29:45,23500,278.0,4.0
21:29:45,23550,278.0,4.0
21:29:45,23600,282.0,4.0
21:30:17,23500,274.0,4.0
21:30:17,23550,270.5,3.0
21:30:17,23600,272.5,3.0
21:30:49,23550,266.0,4.0
21:30:49,23600,264.0,4.0
21:30:49,23650,268.0,4.0
21:31:21,23550,263.5,5.0
21:31:21,23600,261.0,4.0
21:31:21,23650,265.0,4.0
21:31:53,23550,280.0,4.0
21:31:53,23600,277.5,3.0
21:31:53,23650,281.0,4.0
21:32:25,23500,288.0,4.0
21:32:25,23550,280.0,4.0
21:32:25,23600,278.5,3.0
21:32:56,23550,276.5,3.0
21:32:56,23600,274.0,2.0
21:32:56,23650,278.0,4.0
21:33:28,23550,275.5,5.0
21:33:28,23600,271.0,4.0
21:33:28,23650,272.5,5.0
21:34:00,23550,275.5,3.0
21:34:00,23600,271.0,4.0
21:34:00,23650,274.0,4.0
21:34:31,23550,273.5,5.0
21:34:31,23600,269.5,3.0
21:34:31,23650,274.0,4.0
21:35:04,23550,274.0,4.0
21:35:04,23600,270.0,4.0
21:35:04,23650,274.5,5.0
21:35:35,23550,274.0,4.0
21:35:35,23600,271.0,2.0
21:35:35,23650,274.0,4.0
21:36:06,23550,274.0,4.0
21:36:06,23600,271.0,4.0
21:36:06,23650,275.0,4.0
21:36:40,23550,276.0,4.0
21:36:40,23600,270.0,2.0
21:36:40,23650,271.5,3.0
21:37:11,23550,273.5,3.0
21:37:11,23600,268.0,4.0
21:37:11,23650,269.0,4.0
21:37:43,23550,278.5,3.0
21:37:43,23600,273.5,3.0
21:37:43,23650,274.0,4.0
21:38:15,23550,279.0,4.0
21:38:15,23600,274.0,4.0
21:38:15,23650,277.5,3.0
21:38:46,23550,279.0,4.0
21:38:46,23600,276.0,2.0
21:38:46,23650,279.0,4.0
21:39:16,23550,276.0,4.0
21:39:16,23600,273.0,4.0
21:39:16,23650,276.0,4.0
21:39:51,23550,274.0,4.0
21:39:51,23600,271.0,4.0
21:39:51,23650,276.5,3.0
21:40:23,23550,274.0,4.0
21:40:23,23600,272.0,4.0
21:40:23,23650,276.5,5.0
21:40:54,23550,274.0,4.0
21:40:54,23600,271.0,4.0
21:40:54,23650,273.5,3.0
21:41:26,23500,281.0,4.0
21:41:26,23550,273.5,3.0
21:41:26,23600,273.5,3.0
21:41:59,23500,281.5,3.0
21:41:59,23550,273.5,3.0
21:41:59,23600,272.0,4.0
21:42:31,23550,273.5,3.0
21:42:31,23600,271.0,4.0
21:42:31,23650,277.0,4.0
21:43:01,23550,275.0,2.0
21:43:01,23600,274.0,4.0
21:43:01,23650,279.5,3.0
21:43:33,23500,283.0,4.0
21:43:33,23550,275.5,3.0
21:43:33,23600,275.0,4.0
21:44:07,23550,273.5,3.0
21:44:07,23600,270.5,3.0
21:44:07,23650,274.5,3.0
21:44:32,23550,273.5,3.0
21:44:32,23600,271.0,4.0
21:44:32,23650,276.0,4.0
21:45:10,23550,275.0,4.0
21:45:10,23600,271.0,2.0
21:45:10,23650,273.0,4.0
21:45:42,23550,276.0,2.0
21:45:42,23600,270.0,2.0
21:45:42,23650,271.5,3.0
21:46:14,23550,276.5,3.0
21:46:14,23600,273.0,4.0
21:46:14,23650,275.5,3.0
21:46:45,23550,278.5,3.0
21:46:45,23600,273.5,3.0
21:46:45,23650,275.5,5.0
21:47:18,23550,278.0,4.0
21:47:18,23600,275.0,4.0
21:47:18,23650,279.0,4.0
21:47:38,23550,277.5,3.0
21:47:38,23600,274.5,3.0
21:47:38,23650,278.0,4.0
21:48:21,23550,277.0,4.0
21:48:21,23600,274.5,3.0
21:48:21,23650,277.0,4.0
21:48:53,23550,277.0,4.0
21:48:53,23600,272.5,3.0
21:48:53,23650,275.0,4.0
21:49:24,23550,277.5,3.0
21:49:24,23600,273.0,4.0
21:49:24,23650,273.5,3.0
21:49:55,23550,278.0,4.0
21:49:55,23600,272.0,4.0
21:49:55,23650,273.5,3.0
21:50:29,23550,277.0,4.0
21:50:29,23600,271.0,4.0
21:50:29,23650,270.5,5.0
21:51:01,23550,277.0,4.0
21:51:01,23600,273.0,4.0
21:51:01,23650,272.5,3.0
21:51:33,23550,276.0,4.0
21:51:33,23600,272.0,4.0
21:51:33,23650,274.5,3.0
21:52:04,23550,276.5,3.0
21:52:04,23600,271.0,4.0
21:52:04,23650,272.5,3.0
21:52:36,23550,277.0,4.0
21:52:36,23600,271.5,3.0
21:52:36,23650,273.5,3.0
21:53:08,23550,277.0,2.0
21:53:08,23600,271.0,2.0
21:53:08,23650,270.5,3.0
21:53:41,23550,278.0,4.0
21:53:41,23600,271.0,2.0
21:53:41,23650,271.0,2.0
21:54:11,23550,278.0,4.0
21:54:11,23600,271.0,4.0
21:54:11,23650,271.0,4.0
21:54:44,23550,277.0,4.0
21:54:44,23600,271.0,4.0
21:54:44,23650,272.5,3.0
21:55:15,23550,278.0,4.0
21:55:15,23600,273.0,4.0
21:55:15,23650,274.5,3.0
21:55:48,23550,279.0,4.0
21:55:48,23600,275.0,4.0
21:55:48,23650,276.5,3.0
21:56:18,23550,278.5,3.0
21:56:18,23600,274.0,4.0
21:56:18,23650,276.5,3.0
21:56:52,23550,279.0,4.0
21:56:52,23600,273.0,4.0
21:56:52,23650,275.0,4.0
21:57:22,23550,277.5,3.0
21:57:22,23600,274.5,3.0
21:57:22,23650,277.5,3.0
21:57:50,23550,276.0,4.0
21:57:50,23600,272.0,4.0
21:57:50,23650,274.5,3.0
21:58:28,23550,276.0,4.0
21:58:28,23600,269.5,3.0
21:58:28,23650,269.5,3.0
21:58:58,23550,276.0,4.0
21:58:58,23600,269.0,4.0
21:58:58,23650,269.0,4.0
21:59:32,23550,277.0,4.0
21:59:32,23600,271.0,4.0
21:59:32,23650,273.0,4.0
22:00:04,23600,270.5,5.0
22:00:04,23650,268.5,5.0
22:00:04,23700,273.0,6.0
22:00:36,23600,268.5,3.0
22:00:36,23650,267.0,4.0
22:00:36,23700,272.5,3.0
22:01:07,23600,269.0,4.0
22:01:07,23650,268.0,4.0
22:01:07,23700,274.0,4.0
22:01:40,23600,272.0,2.0
22:01:40,23650,269.5,3.0
22:01:40,23700,273.5,3.0
22:02:12,23600,271.5,3.0
22:02:12,23650,270.5,3.0
22:02:12,23700,276.5,5.0
22:02:43,23550,278.0,4.0
22:02:43,23600,271.0,4.0
22:02:43,23650,271.0,4.0
22:03:15,23600,271.0,4.0
22:03:15,23650,269.5,3.0
22:03:15,23700,275.0,4.0
22:03:48,23600,270.5,3.0
22:03:48,23650,267.5,3.0
22:03:48,23700,272.0,4.0
22:04:20,23600,270.0,4.0
22:04:20,23650,268.0,4.0
22:04:20,23700,273.5,5.0
22:04:52,23550,278.0,4.0
22:04:52,23600,271.5,3.0
22:04:52,23650,271.0,4.0
22:05:23,23550,278.0,4.0
22:05:23,23600,272.0,4.0
22:05:23,23650,272.0,4.0
22:05:51,23550,277.5,3.0
22:05:51,23600,271.0,4.0
22:05:51,23650,271.0,4.0
22:06:26,23600,259.5,3.0
22:06:26,23650,258.5,3.0
22:06:26,23700,263.5,3.0
22:06:40,23600,261.5,3.0
22:06:40,23650,260.0,4.0
22:06:40,23700,266.0,4.0
22:07:29,23550,271.5,3.0
22:07:29,23600,264.5,3.0
22:07:29,23650,262.5,3.0
22:08:03,23550,271.0,4.0
22:08:03,23600,265.0,2.0
22:08:03,23650,264.0,4.0
22:08:35,23550,271.5,3.0
22:08:35,23600,265.0,2.0
22:08:35,23650,265.0,4.0
22:09:07,23550,269.5,3.0
22:09:07,23600,264.0,2.0
22:09:07,23650,266.0,4.0
22:09:38,23550,268.0,4.0
22:09:38,23600,262.5,3.0
22:09:38,23650,264.0,4.0
22:10:11,23550,268.0,4.0
22:10:11,23600,262.5,3.0
22:10:11,23650,264.0,4.0
22:10:41,23550,268.5,3.0
22:10:41,23600,263.5,3.0
22:10:41,23650,264.0,4.0
22:11:13,23550,269.5,3.0
22:11:13,23600,263.5,3.0
22:11:13,23650,264.5,3.0
22:11:47,23550,269.5,3.0
22:11:47,23600,264.0,4.0
22:11:47,23650,264.5,3.0
22:12:17,23550,269.0,2.0
22:12:17,23600,264.0,4.0
22:12:17,23650,266.0,4.0
22:12:46,23550,269.0,4.0
22:12:46,23600,263.5,3.0
22:12:46,23650,265.0,4.0
22:13:22,23550,266.0,4.0
22:13:22,23600,263.0,2.0
22:13:22,23650,266.0,4.0
22:13:55,23550,265.5,3.0
22:13:55,23600,263.0,4.0
22:13:55,23650,266.5,3.0
22:14:27,23550,266.0,4.0
22:14:27,23600,262.5,3.0
22:14:27,23650,264.5,3.0
22:14:58,23550,266.0,2.0
22:14:58,23600,262.5,3.0
22:14:58,23650,262.5,3.0
22:15:31,23550,267.5,3.0
22:15:31,23600,262.0,4.0
22:15:31,23650,264.0,4.0
22:16:03,23550,267.0,4.0
22:16:03,23600,262.0,4.0
22:16:03,23650,263.0,4.0
22:16:33,23550,267.5,3.0
22:16:33,23600,261.5,3.0
22:16:33,23650,261.5,3.0
22:17:06,23600,260.5,3.0
22:17:06,23650,259.5,3.0
22:17:06,23700,266.5,3.0
22:17:34,23600,261.0,4.0
22:17:34,23650,259.0,4.0
22:17:34,23700,265.0,4.0
22:18:10,23600,261.5,3.0
22:18:10,23650,260.5,3.0
22:18:10,23700,268.5,3.0
22:18:40,23550,267.5,3.0
22:18:40,23600,260.5,3.0
22:18:40,23650,259.5,3.0
22:19:12,23600,259.5,3.0
22:19:12,23650,258.0,4.0
22:19:12,23700,264.5,3.0
22:19:46,23600,259.5,3.0
22:19:46,23650,257.0,4.0
22:19:46,23700,264.0,4.0
22:20:15,23600,260.0,4.0
22:20:15,23650,258.5,3.0
22:20:15,23700,264.5,3.0
22:20:49,23600,260.0,4.0
22:20:49,23650,258.5,3.0
22:20:49,23700,264.5,3.0
22:21:23,23600,259.5,3.0
22:21:23,23650,258.0,2.0
22:21:23,23700,263.5,3.0
22:21:55,23550,268.0,4.0
22:21:55,23600,260.5,3.0
22:21:55,23650,260.0,4.0
22:22:24,23550,267.0,2.0
22:22:24,23600,261.0,4.0
22:22:24,23650,259.5,3.0
22:22:53,23550,268.0,4.0
22:22:53,23600,261.0,2.0
22:22:53,23650,260.5,3.0
22:23:26,23550,267.0,4.0
22:23:26,23600,260.5,3.0
22:23:26,23650,260.0,4.0
22:24:01,23550,266.0,4.0
22:24:01,23600,260.0,4.0
22:24:01,23650,260.0,4.0
22:24:36,23550,265.0,4.0
22:24:36,23600,259.5,3.0
22:24:36,23650,259.5,3.0
22:25:04,23550,264.5,3.0
22:25:04,23600,259.0,2.0
22:25:04,23650,260.0,4.0
22:25:38,23550,263.0,2.0
22:25:38,23600,259.5,3.0
22:25:38,23650,260.0,4.0
22:26:11,23550,263.5,3.0
22:26:11,23600,259.0,4.0
22:26:11,23650,260.5,3.0
22:26:42,23550,266.0,4.0
22:26:42,23600,259.0,2.0
22:26:42,23650,260.0,4.0
22:27:11,23550,264.0,2.0
22:27:11,23600,259.0,4.0
22:27:11,23650,261.0,4.0
22:27:47,23550,264.0,4.0
22:27:47,23600,259.5,3.0
22:27:47,23650,259.5,3.0
22:28:19,23550,263.5,5.0
22:28:19,23600,258.0,4.0
22:28:19,23650,259.0,4.0
22:28:51,23550,263.0,4.0
22:28:51,23600,258.5,3.0
22:28:51,23650,259.5,5.0
22:29:23,23550,262.0,4.0
22:29:23,23600,258.5,3.0
22:29:23,23650,261.0,4.0
22:29:54,23550,261.5,3.0
22:29:54,23600,258.0,4.0
22:29:54,23650,260.5,3.0
22:30:27,23550,261.5,3.0
22:30:27,23600,259.0,2.0
22:30:27,23650,261.5,3.0
22:30:59,23550,258.0,4.0
22:30:59,23600,256.0,4.0
22:30:59,23650,260.5,3.0
22:31:30,23550,257.0,4.0
22:31:30,23600,255.5,3.0
22:31:30,23650,261.0,4.0
22:32:03,23550,265.0,4.0
22:32:03,23600,263.5,3.0
22:32:03,23650,267.5,3.0
22:32:34,23550,265.0,2.0
22:32:34,23600,262.0,4.0
22:32:34,23650,265.5,3.0
22:33:07,23550,264.0,4.0
22:33:07,23600,261.5,3.0
22:33:07,23650,266.0,4.0
22:33:39,23550,263.5,3.0
22:33:39,23600,260.5,3.0
22:33:39,23650,264.5,3.0
22:34:10,23550,263.0,4.0
22:34:10,23600,261.5,3.0
22:34:10,23650,265.0,4.0
22:34:42,23550,263.5,3.0
22:34:42,23600,260.5,3.0
22:34:42,23650,266.5,3.0
22:35:14,23550,262.5,3.0
22:35:14,23600,260.0,4.0
22:35:14,23650,264.5,3.0
22:35:42,23550,263.0,2.0
22:35:42,23600,260.0,4.0
22:35:42,23650,264.0,4.0
22:36:16,23550,263.0,4.0
22:36:16,23600,261.0,2.0
22:36:16,23650,265.0,4.0
22:36:47,23550,262.5,3.0
22:36:47,23600,261.0,4.0
22:36:47,23650,266.0,4.0
22:37:22,23550,262.0,2.0
22:37:22,23600,260.5,3.0
22:37:22,23650,266.0,4.0
22:37:54,23500,267.5,3.0
22:37:54,23550,259.5,3.0
22:37:54,23600,259.0,2.0
22:38:26,23500,267.5,3.0
22:38:26,23550,260.5,3.0
22:38:26,23600,260.0,2.0
22:38:57,23550,260.0,4.0
22:38:57,23600,259.0,4.0
22:38:57,23650,264.0,4.0
22:39:30,23500,261.5,3.0
22:39:30,23550,257.0,4.0
22:39:30,23600,259.5,5.0
22:40:02,23500,263.0,4.0
22:40:02,23550,257.5,3.0
22:40:02,23600,260.0,4.0
22:40:33,23500,262.5,3.0
22:40:33,23550,259.0,4.0
22:40:33,23600,262.5,3.0
22:41:06,23500,265.0,4.0
22:41:06,23550,259.0,4.0
22:41:06,23600,259.5,3.0
22:41:37,23500,263.0,4.0
22:41:37,23550,257.0,4.0
22:41:37,23600,257.5,3.0
22:42:07,23500,264.5,3.0
22:42:07,23550,258.5,3.0
22:42:07,23600,259.5,3.0
22:42:42,23500,265.0,4.0
22:42:42,23550,259.0,4.0
22:42:42,23600,260.0,2.0
22:43:13,23500,265.0,2.0
22:43:13,23550,258.5,3.0
22:43:13,23600,259.5,5.0
22:43:40,23500,265.0,2.0
22:43:40,23550,258.0,4.0
22:43:40,23600,259.5,3.0
22:44:16,23500,265.0,2.0
22:44:16,23550,258.5,5.0
22:44:16,23600,260.0,4.0
22:44:50,23500,264.0,4.0
22:44:50,23550,259.0,4.0
22:44:50,23600,260.5,3.0
22:45:21,23500,263.0,4.0
22:45:21,23550,259.0,4.0
22:45:21,23600,261.5,3.0
22:45:54,23500,262.0,4.0
22:45:54,23550,260.0,4.0
22:45:54,23600,265.0,4.0
22:46:26,23500,269.5,3.0
22:46:26,23550,268.0,4.0
22:46:26,23600,272.0,4.0
22:46:57,23500,268.0,4.0
22:46:57,23550,265.0,4.0
22:46:57,23600,269.0,4.0
22:47:27,23500,268.5,3.0
22:47:27,23550,264.0,4.0
22:47:27,23600,266.5,3.0
22:48:01,23500,269.0,4.0
22:48:01,23550,267.5,3.0
22:48:01,23600,270.0,4.0
22:48:33,23500,270.0,4.0
22:48:33,23550,268.0,4.0
22:48:33,23600,271.0,2.0
22:49:06,23500,269.5,3.0
22:49:06,23550,267.5,5.0
22:49:06,23600,271.0,4.0
22:49:38,23500,270.0,4.0
22:49:38,23550,267.5,5.0
22:49:38,23600,271.5,3.0
22:50:10,23500,270.5,3.0
22:50:10,23550,268.0,4.0
22:50:10,23600,272.0,4.0
22:50:40,23500,269.5,3.0
22:50:40,23550,265.0,4.0
22:50:40,23600,268.5,3.0
22:51:14,23500,270.0,4.0
22:51:14,23550,266.5,3.0
22:51:14,23600,269.0,4.0
22:51:45,23500,269.0,4.0
22:51:45,23550,264.5,3.0
22:51:45,23600,267.5,3.0
22:52:18,23500,268.0,2.0
22:52:18,23550,263.0,4.0
22:52:18,23600,263.5,5.0
22:52:50,23500,269.5,3.0
22:52:50,23550,265.0,4.0
22:52:50,23600,266.0,4.0
22:53:16,23500,270.0,4.0
22:53:16,23550,264.5,3.0
22:53:16,23600,265.0,4.0
22:53:53,23500,270.5,3.0
22:53:53,23550,264.5,3.0
22:53:53,23600,264.0,2.0
22:54:25,23500,268.5,3.0
22:54:25,23550,263.5,3.0
22:54:25,23600,264.5,3.0
22:54:57,23500,269.5,3.0
22:54:57,23550,264.0,4.0
22:54:57,23600,266.5,3.0
22:55:29,23500,270.0,2.0
22:55:29,23550,263.5,3.0
22:55:29,23600,264.0,2.0
22:56:01,23500,269.5,3.0
22:56:01,23550,264.0,4.0
22:56:01,23600,265.0,4.0
22:56:29,23500,269.5,3.0
22:56:29,23550,264.0,4.0
22:56:29,23600,265.0,4.0
22:57:02,23500,270.0,4.0
22:57:02,23550,264.0,4.0
22:57:02,23600,265.5,3.0
22:57:37,23500,271.0,4.0
22:57:37,23550,266.0,4.0
22:57:37,23600,266.5,3.0
22:58:08,23500,271.0,4.0
22:58:08,23550,265.0,4.0
22:58:08,23600,265.0,4.0
22:58:30,23500,271.0,4.0
22:58:30,23550,265.0,4.0
22:58:30,23600,266.5,3.0
22:59:06,23500,271.0,4.0
22:59:06,23550,265.0,4.0
22:59:06,23600,266.0,4.0
22:59:42,23500,272.0,4.0
22:59:42,23550,264.0,4.0
22:59:42,23600,264.5,3.0
23:00:16,23500,271.5,3.0
23:00:16,23550,265.5,3.0
23:00:16,23600,266.0,4.0
23:00:48,23500,271.0,4.0
23:00:48,23550,266.0,4.0
23:00:48,23600,267.0,4.0
23:01:21,23500,271.0,4.0
23:01:21,23550,265.0,4.0
23:01:21,23600,267.0,4.0
23:01:50,23500,270.5,3.0
23:01:50,23550,264.5,3.0
23:01:50,23600,266.0,4.0
23:02:24,23500,270.0,4.0
23:02:24,23550,266.5,3.0
23:02:24,23600,269.5,3.0
23:02:51,23500,271.5,3.0
23:02:51,23550,267.5,3.0
23:02:51,23600,271.0,4.0
23:03:29,23500,271.0,4.0
23:03:29,23550,267.5,3.0
23:03:29,23600,271.5,3.0
23:03:59,23500,270.0,2.0
23:03:59,23550,267.5,3.0
23:03:59,23600,271.5,3.0
23:04:28,23500,270.0,4.0
23:04:28,23550,266.0,4.0
23:04:28,23600,270.0,4.0
23:05:04,23500,269.0,4.0
23:05:04,23550,268.0,4.0
23:05:04,23600,272.5,3.0
23:05:37,23450,277.0,4.0
23:05:37,23500,269.0,4.0
23:05:37,23550,268.5,3.0
23:06:04,23450,275.5,3.0
23:06:04,23500,268.5,3.0
23:06:04,23550,267.5,3.0
23:06:39,23450,275.0,4.0
23:06:39,23500,269.0,4.0
23:06:39,23550,269.0,4.0
23:07:13,23450,275.0,4.0
23:07:13,23500,269.5,3.0
23:07:13,23550,270.5,3.0
23:07:45,23450,273.5,3.0
23:07:45,23500,267.5,3.0
23:07:45,23550,269.0,4.0
23:08:16,23450,274.0,2.0
23:08:16,23500,269.0,2.0
23:08:16,23550,271.5,3.0
23:08:47,23450,273.0,4.0
23:08:47,23500,269.5,3.0
23:08:47,23550,273.5,3.0
23:09:20,23450,273.5,3.0
23:09:20,23500,271.0,4.0
23:09:20,23550,274.5,3.0
23:09:52,23450,271.0,4.0
23:09:52,23500,269.0,4.0
23:09:52,23550,273.0,4.0
23:10:23,23450,271.0,2.0
23:10:23,23500,268.5,3.0
23:10:23,23550,273.0,4.0
23:10:56,23450,271.0,4.0
23:10:56,23500,267.0,4.0
23:10:56,23550,271.0,4.0
23:11:28,23450,269.0,4.0
23:11:28,23500,265.0,4.0
23:11:28,23550,269.0,4.0
23:12:00,23450,269.0,4.0
23:12:00,23500,265.5,5.0
23:12:00,23550,268.5,3.0
23:12:31,23450,268.5,3.0
23:12:31,23500,264.5,3.0
23:12:31,23550,266.5,3.0
23:13:02,23450,269.0,4.0
23:13:02,23500,264.5,3.0
23:13:02,23550,267.0,4.0
23:13:36,23450,270.5,3.0
23:13:36,23500,263.0,4.0
23:13:36,23550,262.5,3.0
23:14:08,23450,270.0,4.0
23:14:08,23500,263.0,2.0
23:14:08,23550,262.5,3.0
23:14:40,23450,269.5,3.0
23:14:40,23500,263.0,4.0
23:14:40,23550,263.5,3.0
23:15:10,23450,269.5,3.0
23:15:10,23500,263.0,4.0
23:15:10,23550,265.0,4.0
23:15:44,23450,270.5,3.0
23:15:44,23500,265.5,3.0
23:15:44,23550,268.0,4.0
23:16:16,23450,272.0,4.0
23:16:16,23500,268.0,4.0
23:16:16,23550,271.0,4.0
23:16:48,23450,273.5,3.0
23:16:48,23500,269.5,3.0
23:16:48,23550,272.5,3.0
23:17:17,23450,275.0,4.0
23:17:17,23500,271.0,4.0
23:17:17,23550,275.0,4.0
23:17:50,23400,283.0,4.0
23:17:50,23450,274.0,4.0
23:17:50,23500,271.0,4.0
23:18:25,23450,272.5,3.0
23:18:25,23500,270.0,2.0
23:18:25,23550,274.5,3.0
23:18:54,23400,281.0,4.0
23:18:54,23450,272.5,3.0
23:18:54,23500,269.5,3.0
23:19:26,23450,272.0,4.0
23:19:26,23500,269.0,4.0
23:19:26,23550,273.0,4.0
23:19:57,23450,272.0,4.0
23:19:57,23500,268.5,3.0
23:19:57,23550,272.5,3.0
23:20:32,23450,273.0,4.0
23:20:32,23500,269.5,3.0
23:20:32,23550,273.5,3.0
23:21:04,23450,272.0,4.0
23:21:04,23500,269.5,3.0
23:21:04,23550,273.5,3.0
23:21:35,23450,272.0,4.0
23:21:35,23500,269.5,3.0
23:21:35,23550,273.0,4.0
23:22:07,23400,279.0,4.0
23:22:07,23450,271.5,3.0
23:22:07,23500,270.0,2.0
23:22:40,23450,273.0,4.0
23:22:40,23500,270.0,4.0
23:22:40,23550,274.5,3.0
23:23:12,23400,281.0,4.0
23:23:12,23450,272.5,3.0
23:23:12,23500,270.0,2.0
23:23:43,23400,281.0,4.0
23:23:43,23450,272.0,4.0
23:23:43,23500,269.5,3.0
23:24:12,23400,280.5,3.0
23:24:12,23450,272.0,4.0
23:24:12,23500,269.0,2.0
23:24:44,23400,280.0,2.0
23:24:44,23450,271.5,3.0
23:24:44,23500,268.5,3.0
23:25:17,23400,280.0,4.0
23:25:17,23450,272.0,4.0
23:25:17,23500,270.5,3.0
